12.08.2013                                                                                                                                                                                                                                                                                                                                                                                               Dynamický výstup seznamu                                                                                                                                                                                                                                                                                                                                                                                                      1;;;;;;;;;;;;;;;;;;;;;
;;;;;;;;;;;;;;;;;;;;;
Tabelle KNB1 - Kmen.soub.zákaz.(úè.okruh);;;;;;;;;;;;;;;;;;;;;
;;;;;;;;;;;;;;;;;;;;;
;Klient;SAP è.;Název;Ulice;Mìsto;PSÈ;Fax;Internet;Odl.úè.pl.;PlatPodDob;Èinnost;Rozdìlení;KlíèOpráv;StPotvÚèOk;Dat.potvr.;ÈasPotvr;Bl.výmazu;Telefon;Znak cese;StZdDanì;Exekuce
;;;;;;;;;;;;;;;;;;;;;
;100;312684;SBERSUR s.r.o.;Lipi 4;Dubne, Ceske Budejovice;373 84;;;;;;;;;;0:00:00;;;;;
;100;312758;HrubyMOVING s.r.o.;Kostelecka 879;Praha 9;196 00;;bujarkova@hrubymoving.cz;;;;;;;;0:00:00;;;;;
;100;303565;OPED GmbH;Medizinpark 1;Valley;83626;;;;;;;;;;0:00:00;;;;;
;100;300393;Fasching Salzburg GmbH;Hellbrunner Straße 11;Salzburg;5020;66284272323;erda.schwab@faschingsalzburg.com;;;;;;;;0:00:00;;66284272-126;;;
;100;301222;Holecek Miroslav Ing. - ZARON;Mlynska 172/2;Ceske Budejovice;370 01;;;;;;;;;;0:00:00;;;;;
;100;301223;Sropatex s. r. o.;Suchomelska 10;Ceske Budejovice;370 06;;;;;;;;;;0:00:00;;;;;
;100;301224;ITW Automotive Products;Bahnhofstrasse 50A;Hodenhagen;29693;;;;;;;;;;0:00:00;;;;;
;100;301272;Merab spol. s.r.o.;Dobrovodska 129;Ceske Budejovice;370 06;;;;;;;;;;0:00:00;;;;;
;100;301273;Motor Jikov Tlakova slevarna a.s.;Knezskodvorska 2277/26;Ceske Budejovice;370 04;;;;;;;;;;0:00:00;;;;;
;100;301274;Mipe Trans s.r.o.;Dvorakova 21;Ceske Budejovice;370 01;;;;;;;;;;0:00:00;;;;;
;100;301965;Stanztechnik und Werkzeugbau;Industriestrasse 10;Idar-Oberstein;55743;;;;;;;;;;0:00:00;;;;;
;100;301986;Ipsen International GmbH;Fllutstr. 78;Kleve;47533;;;;;;;;;;0:00:00;;;;;
;100;302016;TCG UNITECH Lth-ol d.o.o.;Vincarje 2;Skofja Loka;4220;;;;;;;;;;0:00:00;;;;;
;100;310093;Ebbtec GmbH;Höhscheider Weg 31;Solingen;42699;4,2039E+11;;;;;;;;;0:00:00;;4,2039E+11;;;
;100;301285;STG Svensk Tryckjutning;BOX 5; Vimmerby;59821;;;;;;;;;;0:00:00;;;;;
;100;301286;MSSL Polymers GmbH;Osterlängstr. 60;Schwäbisch Gmünd-Lindach;73527;;;;;;;;;;0:00:00;;;;;
;100;301315;KVALITA - druzstvo sluzeb;Prazska 1249/28;Ceske Budejovice;370 04;;;;;;;;;;0:00:00;;;;;
;100;301354;Dolomit spol. s r. o.;Lannova 22;Ceske Budejovice;370 01;;;;;;;;;;0:00:00;;;;;
;100;301362;HS Products Engineering GmbH;Frauenstr. 43;Maisach;82216;;info@hsp-engineering.de;;;;;;;;0:00:00;;;;;
;100;302049;CESKY TELECOM a. s.;Olsanska 55/5;Praha 3;130 34;;;;;;;;;;0:00:00;;;;;
;100;302060;Kappa Packaging Czech s.r.o.;Skandinavska 1000;Zebrak;267 53;;;;;;;;;;0:00:00;;;;;
;100;301401;Dätwyler Schweiz AG;Militätstrasse 7;Schattdorf;6467;;;;;;;;;;0:00:00;;;;;
;100;304263;Kunstdünger oHG;Industriezone Vetzan 112;Schlanders (BZ);39028;;kko@kunst.it;;;;;;;;0:00:00;;;;;
;100;304279;Schieffer GmbH & Co. KG;Am Mondschein 23;Lippstadt;59557;;;;;;;;;;0:00:00;;;;;
;100;305302;SPIROFLEX LIMITED;MAIDSTONE ROAD, KINGSTON;MILTON KEYNES BUCKS;MK10 0BH;;;;;;;;;;0:00:00;;;;;
;100;571056;Schweizer FT VerwaltungsGmbH;Keltenstraße 16;Reutlingen-Mittelstadt;72766;;;;;;;;;;0:00:00;;;;;
;100;571066;Bruker-Spaleck GmbH;Berneckstr. 72;Schramberg;78713;;;;;;;;;;0:00:00;;;;;
;100;571077;Eberle Rieden GmbH;Im Tal 22;Rieden;87669;;nicole.maier@kern-liebers.de;;;;;;;;0:00:00;;;;;
;100;571078;Prometall Maschinenbau GmbH;Augsburger Straße 24;Roßhaupten;87672;;;;;;;;;;0:00:00;;;;;
;100;571088;Sächsische Nadel-und Platinenfabrik;Mauersbergerstr. 14;Chemnitz;9117;3715627300;;;;;;;;;0:00:00;;;;;
;100;571091;C.D. Wälzholz-Kern-Liebers GmbH;Dr.-Kurt-Steim-Str. 35;Schramberg;78713;;;;;;;;;;0:00:00;;;;;
;100;572020;Saxonia International BV;Stationstraat 30;Meerssen;6231 CM;;;;;;;;;;0:00:00;;;;;
;100;572033;Kern-Liebers Ltd.;7 Corringham Road;Gainsborough;DN21 1QB;;dawn.waters@kern-liebers.co.uk;;;;;;;;0:00:00;;;;;
;100;572050;Haase + Kühn Portuguesa;Rua Duque de Loulé 2090;V.N. Famalicao;4760-333;1252322508;haase_kuhn@net.vodafone.pt;;;;;;;;0:00:00;;;;;
;100;572053;KERN-LIEBERS TMG S.A.;Ctra. Santiga 86;Ripollet (Barcelona);8291;;rosario.carbonell@kern-liebers-tmg.es;;;;;;;;0:00:00;;937299710;;;
;100;572063;Kern-Liebers Italia S.r.l.;Via Luigi Raspini 22;Settimo Torinese;10036;;cornelia.prenner@kern-liebers-italia.com;;;;;;;;0:00:00;;;;;
;100;572069;KERN-LIEBERS ITALIA S.r.l.;Via Vienna 14;Bottanuco;24040;35906425;anna.goisis@kern-liebers-italia.com;;;;;;;;0:00:00;;(0)35 90 74-82;;;
;100;572070;Haase & Kühn S.A.;Rue de la Rinche 3;Les Geneveys s/Coffrane;2206;;;;;;;;;;0:00:00;;;;;
;100;312529;Elodrive GmbH;Sappeloh 112;Warmsen;31606;;;;;;;;;;0:00:00;;;;;
;100;312130;United Automotive Electronics;15 Changjiang Road;Wuxi - Jiangsu;214028;;Qijiong.zhu@uaes.com;;;;;;;;0:00:00;;;;;
;100;312197;BWI North America;2582 East River Road;Moraine;45439;;Antwan.Kelly@bwigroup.com;;;;;;;;0:00:00;;;;;
;100;312244;Athos Elektroteknik;Amusaga Sok. No 127/A;Velimese-Corlu;59850;;;;;;;;;;0:00:00;;;;;
;100;308235;Weißer + Griesshaber GmbH;Waldstr. 11;Mönchweiler;78087;;;;;;;;;;0:00:00;;;;;
;100;300623;Denso Manufacturing Hungary Ltd;Holland fasor 14;Szekesfehervar, Hungary;8000;;a.kis@denso.hu;;;;;;;;0:00:00;;;;;
;100;307946;GALVA - Vaclav Chmela;Sedlackova 6;Pisek;397 01;;;;;;;;;;0:00:00;;;;;
;100;6099;Autoliv KLE S.A.;Carretera C-17, KM. 17.5;Granollers (Barcelona);8400;;;;;;;;;;0:00:00;;;;;
;100;27;Joh. Friedrich Behrens AG;Bogenstraße  43 - 45;Ahrensburg;22926;410278135;junge@bea-group.com;;;;;;;;0:00:00;;0410278-124;;;
;100;300556;TRW Carr s.r.o;Hlavenec 136;Stara Boleslav;250 02;;;;;;;;;;0:00:00;;;;;
;100;300580;RESISTEC d.o.o. & Co. k.d.;Krska c. 8;Kostanjevica/Krki;8311;;samira.bacelic@resistec.si;;;;;;;;0:00:00;;;;;
;100;301436;Atlas Aluminium Ltd.;Atlas Avenue;Limerick;0;;;;;;;;;;0:00:00;;;;;
;100;301450;Mojha Petr;Libusina 1;Ceske Budejovice;370 06;;;;;;;;;;0:00:00;;;;;
;100;301461;ERWE Rheinwerkzeuge KG;0;Diztingen;0;;;;;;;;;;0:00:00;;;;;
;100;301462;Lucas - TECH s. r. o.;Kozeluzska 292;Trebic;674 83;;;;;;;;;;0:00:00;;;;;
;100;302131;Iberofon Plásticos S.A.;Pol. Ind. Miralcampo, c/ Aluminio 4;Azuqueca de Henares, Guadalajara;19200;;;;;;;;;;0:00:00;;;;;
;100;310094;BeijingWest Industries Co., Ltd;NO.1 Jiaodao Dongxi Street;Beijing;102433;;quanxiu.yang@bwigroup.com;;;;;;;;0:00:00;;;;;
;100;301480;UNGUELTIG;Cronenfelderstr. 2A - 4;Wuppertal-Cronenberg;42349;;kerstin.pawlenka@gsfedern.de;;;;;;;;0:00:00;X;;;;
;100;301505;Horst Hähl GmbH;Postfach 5;Dusslingen;72142;;;;;;;;;;0:00:00;;;;;
;100;302142;Continental Automotive Czech Rep.;Hradecka 1092;Jicin;506 01;;;;;;;;;;0:00:00;;;;;
;100;302151;C.S. CARGO a. s.;Hradecka 1116;Jicin;506 01;;;;;;;;;;0:00:00;;;;;
;100;302157;Ceskobudejovicke pozemni stavby;Zizkova 12;Ceske Budejovice;371 22;;;;;;;;;;0:00:00;;;;;
;100;302160;KOH-I-NOOR- HARDTMUTH;F. A. Gerstnera 21/3;Ceske Budejovice;371 30;;;;;;;;;;0:00:00;;;;;
;100;300622;Eurel d.o.o.;Bistriska 54;Poljcane;2319;;;;;;;;;;0:00:00;;;;;
;100;300662;Autoliv (Nanjing) Vehicle;19 Hengyi Road;Nanjing;210038;;Liping.Han@Autoliv.com;;;;;;;;0:00:00;;;;;
;100;301535;ATHOS ELEKTRIK SISTEMLERI;Avrupa Serbest Boelgesi;Velimese-Corlu;59860;2826911149;bahadir.kantar@athos.com.tr;;;;;;;;0:00:00;;2826911-150;;;
;100;301556;Josef Vavra - Autodoprava;Vl. Rady 38;Ceske Budejovice;370 08;;;;;;;;;;0:00:00;;;;;
;100;301566;Elodrive GmbH;Potsdamer Straße 12;Minden;32423;;;;;;;;;;0:00:00;;;;;
;100;301582;INA Lanskroun, s.r.o.;Dvorakova 328;Lanskroun;563 01;;;;;;;;;;0:00:00;;;;;
;100;108088;UNGUELTIG;MINICKA 635;KRALUPY NAD VLTAVOU;278 01;;;;;;;;;;0:00:00;X;;;;
;100;301600;Continental TEVES Taiwan Co., Ltd.;75, Cheng Gong Str.;Tainan Hsien;0;;;;;;;;;;0:00:00;;;;;
;100;301630;UNGUELTIG;Holzheimer Straße 4;Göppingen;73037;;jochen.bohnacker@saxonia-int.de;;;;;;;;0:00:00;X;;;;
;100;301635;Wolfcraft SK s.r.o.;Dunajskostredska 600;Male Dvorniky;929 01;;;;;;;;;;0:00:00;;;;;
;100;301651;Vavra Josef, s. r. o.;Nemanicka 2208/16;Ceske Budejovice;370 10;;;;;;;;;;0:00:00;;;;;
;100;300001;TRW Occupant Restraint;Mattseer Landesstr. 8;Bergheim;5101;;;;;;;;;;0:00:00;;;;;
;100;300009;GWS Produktion Handel Service GmbH;Fürbergstrasse 27;Salzburg;5020;;;;;;;;;;0:00:00;;;;;
;100;300741;ARGE 2000 Kft;Bánki Donát u. 29;Gyál;2360;29540067;angi@arge2000.com;;;;;;;;0:00:00;;29540-062;;;
;100;311979;CZ Retezy, s.r.o.;Tovarni 202;Strakonice;386 01;4,2039E+11;;;;;;;;;0:00:00;;4,2039E+11;;;
;100;300825;Kiekert - CS, s.r.o.;Gorkého 1830;Pardubice;530 02;;MelechovskaJ@kiekert.cz;;;;;;;;0:00:00;;;;;
;100;300993;TachoPlast s.r.o.;Oldrichovska 1437;Tachov;347 29;;;;;;;;;;0:00:00;;;;;
;100;301782;Arnold & Stolzenberg GmbH;Juliusmühle;Einbeck;37574;;;;;;;;;;0:00:00;;;;;
;100;309801;Shanghai Automotive;385 Zhaoxian Road;Shanghai, Jiading;201821;;qingh@saco.saic.com.cn;;;;;;;;0:00:00;;;;;
;100;301041;TRCZ s.r.o.;Prumyslova 1165;Lovosice;410 02;416421555;denisa.kelly@trcz.cz;;;;;;;;0:00:00;;0416421-304;;;
;100;300342;Moravan SB, s.r.o.;Letiste 1065;Otrokovice;765 81;;;;;;;;;;0:00:00;;;;;
;100;309957;Valeo Equipements;10 Rue du Revolay;Saint-Quentin-Fallavier;38070;;antoine.chanois@valeo.com;;;;;;;;0:00:00;;;;;
;100;301126;ITW Pronovia s.r.o.;Vikovská 595;Velká Bítes;595 01;566788824;;;;;;;;;0:00:00;;566/788-869;;;
;100;301872;PORSCHE INTER AUTO CZ s. r. o.;Vrchlickeho 31;Praha 5;150 00;;;;;;;;;;0:00:00;;;;;
;100;301881;MOTOR JIKOV Tlakova slevarna a. s.;Knezskodvorska 2277/26;Ceske Budejovice 4;370 04;;;;;;;;;;0:00:00;;;;;
;100;301882;TKW Molding GmbH;Waldecker Str. 10;Blankenhain;99444;;info@tkw-net.de;;;;;;;;0:00:00;;;;;
;100;301887;Continental Automotive;Parque Industrial y de, Las Colina;Silao, Gto;36270;;Francisco.Duarte@continental-corporation.com;;;;;;;;0:00:00;;0052(472)722-...;;;
;100;301917;Hoza BV;Haven Noordzijde 18;Scheemda;9679 TC;;;;;;;;;;0:00:00;;;;;
;100;308918;KEFICO Corporation;Dangjeong-Dong410;Gunpo-Si, Gyeonggi-Do;435716;;YoungChan.Kim@kefico.co.kr;;;;;;;;0:00:00;;;;;
;100;305671;KEFICO Corporation;410 Dangjung-dong;Gunpo-si Gyeonggi-do;435-716;;KiSuk.Park@kefico.co.kr;;;;;;;;0:00:00;;;;;
;100;309747;AZ Ausrüstung und Zubehör;Ruhrallee 1-3;Hattingen;45525;;;;;;;;;;0:00:00;;;;;
;100;310755;Tomal-S Proizvodnja Trzenje Inziner;Stara cesta 20;Semic;8333;;;;;;;;;;0:00:00;;;;;
;100;309467;DATWYLER SEALING TECHNOLOGIES;Ave Paseo de las Colinas 602;Silao, Guanajuato;36270;;;;;;;;;;0:00:00;;;;;
;100;308967;Martur;Isiktepe Mahallesi Kahverengi CAD.;Nilufer Bursa;16140;;;;;;;;;;0:00:00;;;;;
;100;8471;TRW Occupant Restraints;Corner Charel Uys & Neil Hare Stree;Atlantis, Cape Town;7349;;;;;;;;;;0:00:00;;;;;
;100;308234;Valeo Syst?mes de Contrôle Moteur;Route de Montreuil;Etaples-sur-Mer;62630;4,2039E+11;;;;;;;;;0:00:00;;4,2039E+11;;;
;100;1554;Kiekert AG;Kettwiger Str. 12 - 24;Heiligenhaus;42579;205615975;Angelika.Scholl@Kiekert.de;;;;;;;;0:00:00;;02056-15-962;;;
;100;2085;Miele & Cie. KG;Roitzheimer Str. 110;Euskirchen;53879;5,2419E+11;;;;;;;;;0:00:00;;524189-1881;;;
;100;309894;Schiele GmbH;Industriestrasse 37;Schwaigern;74193;4,2039E+11;;;;;;;;;0:00:00;;4,2039E+11;;;
;100;5702;KERN-LIEBERS KNITTING PARTS GMBH;Dr. Kurt-Steim-Str. 35;Schramberg;78713;;stefanie.beck@kern-liebers.de;;;;;;;;0:00:00;;;;;
;100;1551;Flexi Montagetechnik GmbH & Co. KG;Carl-Benz-Weg 13;Bargteheide;22941;4532404442;hartwig@flexi.de;;;;;;;;0:00:00;;04532/4044-57;;;
;100;2118;Autoliv Protektor GmbH;Wesloer Str. 112 - Gebäude 206;Lübeck;23568;4516198030;;;;;;;;;0:00:00;;0451/619-800;;;
;100;5703;Hugo Kern und Liebers GmbH & Co. KG;Dr. Kurt-Steim-Str. 35;Schramberg;78713;;stefanie.beck@kern-liebers.de;;;;;;;;0:00:00;;;;;
;100;5706;Kurt Meder GmbH;Weidenstrasse 4;VS-Schwenningen;78054;77208316746;Claudia.Mayadag@federmeder.de;;;;;;;;0:00:00;;07720-8316-46;;;
;100;5709;J.N. Eberle Federnfabrik;Hochfeldstr. 6 - 8;Schwabmünchen;86830;;Irma.Straub@kern-liebers.de;;;;;;;;0:00:00;;;;;
;100;1674;J.D. von Hagen GmbH;Stefanstrasse 20;Iserlohn;58638;;;;;;;;;;0:00:00;;;;;
;100;7922;ETA  a.s.;Policska 444;Hlinsko;539 01;469802118;brozek@eta.cz;;;;;;;;0:00:00;;4698021-32;;;
;100;7998;Autoliv Hirotako Safety Sdn. Bhd.;Jalan Balakong;Seri Kembangan, Selangor Darul Ehsa;43300;;;;;;;;;;0:00:00;;;;;
;100;8755;Shanghai TRW Automotive;168 Yuan Yao Road;Shanghai;201805;;;;;;;;;;0:00:00;;;;;
;100;8761;Autoliv do Brasil Ltda.;Av. Roberto Bertoletti  551;Taubaté - SP;12042-045;;;;;;;;;;0:00:00;;;;;
;100;8206;Mano-Term AB;Landskronavaegen 30;Helsingborg;252 32;;;;;;;;;;0:00:00;;;;;
;100;8280;Zurfluh Feller S.A.;Grande Rue;Roide;25700;381993365;bbattel@zurfluh-feller.com;;;;;;;;0:00:00;;381/9933-05;;;
;100;8302;Oezguer Estelasyon;Ekrem Elginkan Cad. 8;Manisa;45030;2328771107;bahri.bezenk@ozgurkomponent.com;;;;;;;;0:00:00;;23287711-00;;;
;100;8816;A-Belt-Lin Industrial Co., Ltd.;No. 63 Ping An Rd., An Si Village;Chang Hua City;504;647621400;;;;;;;;;0:00:00;;;;;
;100;8838;UNGUELTIG;Ul. Partyzantow 4;Myszkow;42300;;dorota.legowska@onet.pl;;;;;;;;0:00:00;X;;;;
;100;8841;Autoliv Kft;Ujmajor;Sopronkövesd;9483;;;;;;;;;;0:00:00;;;;;
;100;6509;Klippan Safety AB;Fabriksvägen 4;Klippan;264 21;;;;;;;;;;0:00:00;;;;;
;100;6512;Antonio Augusto Nunes Maia Lda;Rua Saima Sangalhos Saima;SANGALHOS, AVEIRO;3780-102;;;;;;;;;;0:00:00;;;;;
;100;8329;Olympia De Mexico,S.A.De C.V.;Presa Salinillas 370 Piso 6;Mexico;11200;58567537213;ctasxpagar@olympia.com.mx;;;;;;;;0:00:00;;5855-1106;;;
;100;6628;Fimex Messgeraetebau A.G.;Hauptstrasse 5;Kaltenbach;8259;;;;;;;;;;0:00:00;;;;;
;100;573002;Kern-Liebers (Taicang) Co. Ltd.;88 Nanjing Road;Taicang;215400;;david.cao@kern-liebers.com.cn;;;;;;;;0:00:00;;;;;
;100;573003;Kern-Liebers Pieron Autoparts;88 Nanjing Road;Taicang;215400;;linda.ge@kern-liebers.com.cn;;;;;;;;0:00:00;;;;;
;100;575050;Resortes KL de Mexico SA. de CV;Ave. Francisco I. Madero 907;Rio Bravo;88940;;;;;;;;;;0:00:00;;;;;
;100;575051;Kern Liebers Mexico SA de CV;Av. El Tepeyac 11080;El Márques;76250;;miguel.garcia@kern-liebers.com.mx;;;;;;;;0:00:00;;;;;
;100;573005;Kern-Liebers (Guangzhou);No. 7 Guanda Road, Yunpu Industrial;Guangzhou;510530;2082068059;david.cao@kern-liebers.com.cn;;;;;;;;0:00:00;;2082068070;;;
;100;573006;Taicang Wälzholz-Kern-Liebers N.M C;Jinzhou Road;Taicang;215400;;;;;;;;;;0:00:00;;;;;
;100;575053;Formatecnica SA. de CV;Ind. Electrica de México 11;Tlalnepantla;54080;;miguel.garcia@kern-liebers.com.mx;;;;;;;;0:00:00;;;;;
;100;575060;frei;Circuito El Marques Norte No 23-B;Queretaro;76246;;;;;;;;;;0:00:00;;;;;
;100;573004;D-Metal (Tianjin) Precision Parts;69 Beichen Hi-Tech Industrial Park;Tianjin;300402;;david.cao@kern-liebers.com.cn;;;;;;;;0:00:00;;;;;
;100;579999;Not realised exchange Rate diff. -;0;Ceske Budejovice;0;;;;;;;;;;0:00:00;;;;;
;100;573012;Saxonia Malaysia SDN BHD;Jalan Seruling 57, Taman Klang Jaya;Klang;41200;333236952;voon@saxonia.com.my;;;;;;;;0:00:00;;;;;
;100;573022;Taicang Kern-Liebers Textile Co. Lt;Jinzhou Road 18;Taicang;215400;;david.cao@kern-liebers.com.cn;;;;;;;;0:00:00;;;;;
;100;573023;Saxonia Knitting Parts Asia Ltd.;Room 1906, 19/F, 69 Jervois Street;Sheung Wan, HONG KONG;0;225251571;pauline.wong@saxonia.com.hk;;;;;;;;0:00:00;;;;;
;100;573063;Kern-Liebers Korea Ltd.;126-6, Sangan-ri, Seosin-myeon;Hwaseong-si, Gyunggi-do;445-881;;kern1@chollian.net;;;;;;;;0:00:00;;;;;
;100;573073;Kern-Liebers (Thailand) Co., Ltd.;Amper Muang;Rayong;21150;;accounting@kern-liebers.co.th;;;;;;;;0:00:00;;;;;
;100;573053;Kern-Liebers K.K.;Kasayama1-9-24;Kusatsu-shi, Shiga;525-0072;;admin1@kern-liebers.co.jp;;;;;;;;0:00:00;;;;;
;100;308747;Continental Automotive;38 km Stone, Delhi - Jaipur Highway;GURGAON Haryana;122001;;Nilesh.Singh@continental-corporation.com;;;;;;;;0:00:00;;;;;
;100;309477;JUNGHEINRICH CR s.r.o.;Modletice 101;Ricany;251 01;;;;;;;;;;0:00:00;;;;;
;100;308520;LOBO B.V.;Loobeekweg 8;Holthees;5824 AE;;;;;;;;;;0:00:00;;;;;
;100;309626;Robert Bosch LLC;0;Farmington Hills;48333;;rbna.accountspayable@us.bosch.com;;;;;;;;0:00:00;;;;;
;100;309459;CZ a.s.;Tovarni 202;Strakonice;386 15;;monika.kucerova@czas.cz;;;;;;;;0:00:00;;;;;
;100;309505;Raben Logistics Czech a.s.;Na Dlouhem 85;Ricany;251 01;4,2039E+11;eva.uhlirova@kern-liebers.cz;;;;;;;;0:00:00;;4,2039E+11;;;
;100;309734;Glen Dimplex Deutschland GmbH;Am Goldenen Feld 18;Kulmbach;95326;4,2039E+11;;;;;;;;;0:00:00;;4,2039E+11;;;
;100;309531;CZ a.s.;Slunecni namesti 2540/5;Praha 5;158 00;4,2039E+11;;;;;;;;;0:00:00;;4,2039E+11;;;
;100;309533;Autoliv Romania S.R.L;Bruxelles Street, no. 16;Prejmer (Brasov County);507165;;;;;;;;;;0:00:00;;;;;
;100;55566;Autoliv Japan Ltd.;Kamiinayoshi1764-12;Kasumigaura-shi;3158520;466436242;akemi.suzuki@autoliv.com;;;;;;;;0:00:00;;466/43-6001;;;
;100;308722;Solva Import KG;Handwerkerzone 29;Kaltern BZ;39052;;;;;;;;;;0:00:00;;;;;
;100;1700;Robert Bosch Fahrzeugelektrik; Postfach 10 13 47;Eisenach;99803;;Silvio.Ballaschk@de.bosch.com;;;;;;;;0:00:00;;;;;
;100;308965;MCF S.r.l.;Via Pinerolo 75;Pancalieri;10060;;audisio@mcfsrl.com;;;;;;;;0:00:00;;;;;
;100;1417;Thomas Magnete GmbH;San Fernando 35;Herdorf;57562;;karin.mueller@thomas-magnete.com;;;;;;;;0:00:00;;;;;
;100;308966;VELM s.r.l.;Via Maria Grazia Deledda 18/A;Agrate Brianza;20864;;accounting@velm.com;;;;;;;;0:00:00;;;;;
;100;308128;Wienerberger euroform, spol. s r.o.;Plachého 388/28;Ceske Budejovice;370 46;;;;;;;;;;0:00:00;;;;;
;100;1438;Volkswagen AG;.;Baunatal;34219;;lieferantenreklamationen.voq@volkswagen.de;;;;;;;;0:00:00;;;;;
;100;307702;Franz Kiel GmbH & Co. KG;Nürnberger Str. 62;Nördlingen;86720;;;;;;;;;;0:00:00;;;;;
;100;307601;Fasching Components  GmbH;Hellbrunner Straße 11;Salzburg;5020;;;;;;;;;;0:00:00;;;;;
;100;307623;MAGNETI MARELLI;B-23 Chakan Industrial Area;Pune (Maharashtra);410501;;bhushan.more@magnetimarelli.com;;;;;;;;0:00:00;;;;;
;100;16296;Van de Sandt;Liebauweg 32;Bocholt;46395;;vdsbo.de@t-online.de (Arno);;;;;;;;0:00:00;;;;;
;100;309932;Valeo Compressor Changchun;2677 Shiji Avenue Economy & Technol;Changchun;130033;;yan-kitty.zhou.ext@valeo.com;;;;;;;;0:00:00;;;;;
;100;1726;BOS GmbH & Co. KG;Ernst-Heinkel-Strasse 2;Ostfildern;73760;71193601347;;;;;;;;;0:00:00;;07119360-1106;;;
;100;304090;Robert Bosch GmbH;Otto-von-Guericke-Straße 13;Magdeburg;39104;;;;;;;;;;0:00:00;;;;;
;100;305657;Langeveld Kunststoffen B.V.;Latensteinseweg 11C;Tiel (Gld.);4005 EG;344631476;;;;;;;;;0:00:00;;;;;
;100;572015;Spirel Lda.;Rua das Conchas s/n;Milheirós - Maia;4475-333;;;;;;;;;;0:00:00;;;;;
;100;305171;WECO - Weber & Co GmbH KG;Industriestrasse 59;Velbert;42551;2051259319;B.Geisler@weco-velbert.de;;;;;;;;0:00:00;;;;;
;100;305720;CENTES, spol. s.r.o.;Rosickeho 30;Ceske Budejovice;370 05;;;;;;;;;;0:00:00;;;;;
;100;572016;Haas Präzision AG;Quellenstraße 10;Rheinfelden;4310;;;;;;;;;;0:00:00;;;;;
;100;572017;Mobilwerte-Verwaltungs AG;Quellenstraße 10;Rheinfelden;4310;;;;;;;;;;0:00:00;;;;;
;100;305159;BOS Automotive Systems;288 Shanghai Road;Taicang, Jiangsu;215400;;wftao@bos.de;;;;;;;;0:00:00;;;;;
;100;108055;SISTEMI SOSPENSIONI SPA;C.SO FERRUCCI 112;TORINO;85025;972250237;supporto.fornitori@fiatgesco.it;;;;;;;;0:00:00;;01100/57446;;;
;100;50449;TRW AUTOMOTIVE GMBH;Industriestrasse 20;Alfdorf;73553;;;;;;;;;;0:00:00;;;;;
;100;311959;Solea CZ vyrobni druzstvo;Rybnik 242;Ceska Trebova;560 02;;nakup@solea.cz;;;;;;;;0:00:00;;;;;
;100;312079;Brano a.s.;Opavská 1000;Hradec nad Moravici;74741;;;;;;;;;;0:00:00;;;;;
;100;100349;TRW Automotive Safety;Hefner-Alteneck-Straße 11;Aschaffenburg;63743;;;;;;;;;;0:00:00;;;;;
;100;312047;IHC Siebengebirge AG;Eduard-Rhein-Strasse 32-40;Koenigswinter;53639;4,2039E+11;;;;;;;;;0:00:00;;4,2039E+11;;;
;100;574003;Capewell (Pty.) Ltd.;6 Techno Crescent;Cape Town;7460;;kaylubbe@capewell.co.za;;;;;;;;0:00:00;;;;;
;100;573091;Kern-Liebers Pars Co. Ltd.;No.5 Africa St., Argentine Sq.;Tehran;1514947437;2188793529;H_morshedi@kl-pars.com;;;;;;;;0:00:00;;218879-2612;;;
;100;573093;Iran Fanar Lool Co. Ltd.;Africa Street, Argentine Square 5;Tehran;0;;eghbal@fanarlool.com;;;;;;;;0:00:00;;;;;
;100;575000;Kern-Liebers USA Inc, Charlotte, NC;Albon Road 1510;Holland OH;43528-0396;;ctrares@kl-usa.com;;;;;;;;0:00:00;;;;;
;100;575001;Kern-Liebers USA Inc.;1510 Albon Road;Holland OH;43528;;accounts.payable@kl-usa.com;;;;;;;;0:00:00;;;;;
;100;8332;TRW Automotive Ltda.;Rod. Anhanguera Km 147;Limeira;13486-915;;CRISTIANE.FUZETTI@TRW.COM;;;;;;;;0:00:00;;(19) 3404 1160;;;
;100;572073;Kern-Liebers Eesti OÜ;Lille 20;Vôru;65604;;igor.gorskov@kern-liebers.com;;;;;;;;0:00:00;;;;;
;100;572083;Kern-Liebers Poland SP. Z.O.O. sp.;Ul. Partyzantow 4;Myszkow;42-300;;justyna.wysocka@kern-liebers.pl;;;;;;;;0:00:00;;;;;
;100;575002;Kern-Liebers USA Textile Inc.;8100-I Arrowridge Boulvard;Charlotte;28273;;swhite@kl-usa-t.com;;;;;;;;0:00:00;;;;;
;100;572090;Kern-Liebers Textil SRL;Drumul Fermei nr.125;Popesti-Leordeni;77160;213069410;dieter.spaeth@kern-liebers.com;;;;;;;;0:00:00;;;;;
;100;575003;Kern-Liebers Texas Inc.;400 East Nolana Loop;Pharr;78577;;ctrares@kl-usa.com;;;;;;;;0:00:00;;;;;
;100;575013;Kern-Liebers Pieron, Inc.;24505 Indoplex Drive;Farmington Hills MI;48335;;ctrares@kl-usa.com;;;;;;;;0:00:00;;;;;
;100;572093;Kern-Liebers Carpatia S.C.S.;Str. Bradului 9;Sancraiu de Mures;547525;265208920;eniko.simon@kern-liebers.com;;;;;;;;0:00:00;;265208-914;;;
;100;573001;Kern-Liebers (Taicang) Co. Ltd.;88 Nanjing Road;Taicang (People's Republic of China;215400;;david.cao@kern-liebers.com.cn;;;;;;;;0:00:00;;;;;
;100;575023;QSM Inc.;1510 Albon Road;Holland;43528;;;;;;;;;;0:00:00;;;;;
;100;306082;OOO Bosch Power Tools;Fr. Engels Prospekt 139;Engels;413105;78453796190;;;;;;;;;0:00:00;;;;;
;100;312500;TAURIL Rubber;Újhegyi út 25-31;Budapest;1108;;revesz@tauril.hu;;;;;;;;0:00:00;;;;;
;100;308237;Robert Bosch GmbH;Werk Nürnberg;Magdeburg;39006;4,2039E+11;;;;;;;;;0:00:00;;4,2039E+11;;;
;100;304359;Bürener Maschinenfabrik GmbH;Fürstenberger Straße 37;Büren;33142;;;;;;;;;;0:00:00;;;;;
;100;304375;RoFlexs GmbH;Pretzierer Dorfstraße 22;Salzwedel;29410;;;;;;;;;;0:00:00;;;;;
;100;304811;ENVISAN - GEM, a.s.;Dolni 2;Ceske Budejovice;370 04;;;;;;;;;;0:00:00;;;;;
;100;304812;BUZULUK a.s.;Buzulucka 108;Komarov u Horovic;267 62;;;;;;;;;;0:00:00;;;;;
;100;305418;TRANSFORWARDING a.s.;K. Uhlire 42;Ceske Budejovice;370 06;;;;;;;;;;0:00:00;;;;;
;100;305420;Valeo Compressor Europe s.r.o.;Central Trade Park D1 1571;Humpolec;396 01;;petra.simanova@valeo.com;;;;;;;;0:00:00;;;;;
;100;305459;PCO-hlidaci sluzba, s. r. o.;Vrbenská 197/23;Ceske Budejovice;370 01;;financni@pco.cz;;;;;;;;0:00:00;;;;;
;100;309946;Preind sa.;Ctra. Vendrell a St. Jaume, km1;Sta. Oliva - Tarragona;43710;4,2039E+11;;;;;;;;;0:00:00;;4,2039E+11;;;
;100;304474;Flexi-Bogdahn Technik GmbH & Co. KG;Carl-Benz Weg 13;Bargteheide;22941;;;;;;;;;;0:00:00;;;;;
;100;305496;JihoTech spol. s.r.o.;Zahradni 441;Borovany;373 12;;;;;;;;;;0:00:00;;;;;
;100;303310;Vavra Josef,  s.r.o.;Nemanicka 2208/16;Ceske Budejovice;370 10;;;;;;;;;;0:00:00;;;;;
;100;304537;Newenta AG;Gublenstrasse 1;Eschenbach;8733;;;;;;;;;;0:00:00;;;;;
;100;303514;Unternehmensgruppe C.D. Waelzholz;Feldmuehlenstr. 55;Hagen;58093;;;;;;;;;;0:00:00;;;;;
;100;304550;Shanghai China-Industrial;19 Wuning Road;Shanghai;200042;;;;;;;;;;0:00:00;;;;;
;100;304551;Shanghai China Industrial Import;Rm 1801, The Regent Asia;Shanghai;200042;;;;;;;;;;0:00:00;;;;;
;100;304574;Engel strojirenska s.r.o.;Pohorska 181;Kaplice;382 41;;;;;;;;;;0:00:00;;;;;
;100;571004;Schwarzwälder Drahtfedern GmbH;Dr.-Kurt-Steim-Str. 35;Schramberg;78713;;;;;;;;;;0:00:00;;;;;
;100;303361;Autoliv (Shanghai) Vehicle;1000 BeiHe Road;Shanghai;201807;;;;;;;;;;0:00:00;;;;;
;100;303415;Protec GmbH;Neulandstr. 21;Sinsheim;74889;7261405128;melanie.zuhnemer@reumprotec.de;;;;;;;;0:00:00;;07261405-163;;;
;100;303450;Mesto Velesin;nam. J.V.Kamaryna 76;Velesin;382 32;;;;;;;;;;0:00:00;;;;;
;100;305016;KUHN-MT s.r.o.;Nemanicka 16;Ceske Budejovice;370 10;;;;;;;;;;0:00:00;;;;;
;100;303948;ROBERT BOSCH SISTEMAS;Robert Bosch 405;Toluca;50071;;Sergio.Huitron@mx.bosch.com;;;;;;;;0:00:00;;;;;
;100;305030;Joewe Laserbearbeitung GmbH;Brambach 18;Schramberg-Sulgen;78713;;;;;;;;;;0:00:00;;;;;
;100;305732;Jan Marek;Tr. Legii 507;Kralupy nad Vltavou;278 01;;;;;;;;;;0:00:00;;;;;
;100;305640;BOS;5968 Commerce Boulevard;Morristown;37814;235858410;cgibson@bos.de;;;;;;;;0:00:00;;423318-7509;;;
;100;108099;M.M. Suspension Systems Bielsko;Ul. Grazynskiego Plant 33 - Sta 141;Bielsko Biala;43-300;;dagmara.osierda@fiatservices.com;;;;;;;;0:00:00;;;;;
;100;305601;Shanghai Automobile;Rm. C01, No. 2119;Shanghai (Pudong District);200135;;xiangyuh@saco.saic.com.cn;;;;;;;;0:00:00;;;;;
;100;571060;Carl Haas GmbH;Dr. Konstantin-Hank-Str. 18;Schramberg;78713;74225117527;maurer.ehrentraud@carl-haas.de;;;;;;;;0:00:00;;07422 511-527;;;
;100;108034;MAGNETI MARELLI COFAP CIA.;RUA MANOEL DA NOBREGA 250;MAUA;09371-520;1121442088;flavio.fernandes@magnetimarelli.com;;;;;;;;0:00:00;;112144-2104;;;
;100;108061;MAGNETI MARELLI COFAP CIA.;RUA MANOEL DA NOBREGA 250;MAUA;09371-520;1121442088;thais.souza@magnetimarelli.com;;;;;;;;0:00:00;;112144-2104;;;
;100;108074;MAGNETI MARELLI NORTH AMERICA;10388 10388 AIRPORT PARKWAY;KINGSPORT-TN;37663;;;;;;;;;;0:00:00;;;;;
;100;305670;Valeo Compressor Europe s.r.o.;Central Trade Park H3 1571;Humpolec;396 01;;;;;;;;;;0:00:00;;;;;
;100;575077;Kern-Liebers Services SA de CV;Circuito El Marques Norte No 23-B;El Marqués;76246;;;;;;;;;;0:00:00;;;;;
;100;108032;REIGER SUSPENSION B.V.;MOLENENK 5A; HENGELO GLD.;7255 AX;;info@reigersuspension.com;;;;;;;;0:00:00;;05757/462077;;;
;100;306225;Band- und Feinstahl Service;Bachstraße 6;Schwerte;58239;;;;;;;;;;0:00:00;;;;;
;100;8818;Bosch Diesel spol. s r.o.;Pávov 121;Jihlava;586 06;567583330;;;;;;;;;0:00:00;;56758-3340;;;
;100;304455;BOS Automotive Products;Calea Bodrogului,FN;Arad;310059;57307224;dsandru@bos.de;;;;;;;;0:00:00;;057307-204;;;
;100;108069;Delphi Poland S.A.;UL. GEN.L.OKULICKIEGO 7;KROSNO;38-400;134371106;roman.gornicki@delphi.com;;;;;;;;0:00:00;;;;;
;100;309614;Webasto Edscha Cabrio;Scharwächterstraße 5;Hengersberg;94491;;;;;;;;;;0:00:00;;4,2039E+11;;;
;100;309464;EMERSON;K Vapence 1633/14;Mikulov na Morave;692 01;;;;;;;;;;0:00:00;;;;;
;100;309613;Valeo Climate Control de Mexico SA;Carr. México-Piedras Negras Km 3900;San Luis Potosi, S.L.P.;78395;;dinora.ochoa@valeo.com;;;;;;;;0:00:00;;;;;
;100;309166;Sandvik Materials Technology GmbH;Heerdter Landstr. 243;Düsseldorf;40549;;;;;;;;;;0:00:00;;;;;
;100;5510215;MTD Products AG;Industriestr.             23;Saarbrücken;66129;4,2039E+11;;;;;;;;;0:00:00;;4,2039E+11;;;
;100;310687;Hitachi Automotive Systems Czech, s;Minice 60;Velemysleves, Prumyslova zona;438 01;;;;;;;;;;0:00:00;;;;;
;100;308628;JIHOSTROJ a.s.;Budejovicka 148;Velesin;382 32;;;;;;;;;;0:00:00;;;;;
;100;50391;ANDREAS STIHL AG & CO. KG;Stuttgarter Strasse 80;Waiblingen;71332;4,2039E+11;;;;;;;;;0:00:00;;4,2039E+11;;;
;100;307673;Scintilla AG;0;solothurn;4501;;;;;;;;;;0:00:00;;;;;
;100;8999;Scintilla;Luterbachstrasse 10;Solothurn;4501;326863766;;;;;;;;;0:00:00;;;;;
;100;309093;ATHOS ELEKTRIK SISTEMLERI;113 ada 5.Parsel;Velimese-Corlu;59860;;;;;;;;;;0:00:00;;;;;
;100;307960;POMELAC Sp. z o.o.;Kasztanowa 1;Wyszkow;07-200;4,2039E+11;;;;;;;;;0:00:00;;4,2039E+11;;;
;100;700044;Robert Bosch GmbH;Postfach 16 49;Magedburg;39006;3691641949;Jutta.Buckisch@de.bosch.com;;;;;;;;0:00:00;;;;;
;100;309135;FERPLAST SpA;Via 1° Maggio 5, - Z.I.;Castelgomberto;36070;;;;;;;;;;0:00:00;;;;;
;100;55573;TRW Polska sp. z o.o.;ul. Rolnicza 33;Czestochowa;42-200;343693157;malgorzata.pikor@trw.com;;;;;;;;0:00:00;;343/693-652;;;
;100;309254;Continental Automotive;58 Dongnan Road, CSEDZ,;Jiangsu Province - Changshu;215500;;Ting.2.Shen@continental-corporation.com;;;;;;;;0:00:00;;;;;
;100;309132;ARB-Moravan;ul.Vokzalnaja 44 a/ja 4805;Samarska Oblast;445043;;;;;;;;;;0:00:00;;;;;
;100;308842;ProdEq Trading GmbH;Reckholder 1;Niederhelfenschwil;9527;;;;;;;;;;0:00:00;;;;;
;100;309256;P-FACTOR Srl;v. Lombardia 1-B;Monastier di Treviso;31050;;;;;;;;;;0:00:00;;;;;
;100;308503;Daikin Device Czech Republic s.r.o.;Svedske valy 1227/2;Brno - Cernovice;627 00;;;;;;;;;;0:00:00;;;;;
;100;307984;Retezarna Ceska Trebova s.r.o.;Matyasova 2095;Ceska Trebova;560 02;;;;;;;;;;0:00:00;;;;;
;100;308479;BWI Automotive Technologies Pvt Ltd;Plot No. 3, Sector 41;G.Noida UP;203207;;;;;;;;;;0:00:00;;;;;
;100;571007;Bohnert GmbH;Weilerstr. 33;Hardt;78739;74225117184;dominik.haas@kern-liebers.de;;;;;;;;0:00:00;;07422-511-184;;;
;100;571010;Kern-Liebers International GmbH;Dr.-Kurt-Steim-Str.  35;Schramberg;78713;;;;;;;;;;0:00:00;;;;;
;100;303530;MANENTIMACCHINE s.r.l.;VIALE ITALIA 115/a;GUSSAGO (BRESCIA);25064;;;;;;;;;;0:00:00;;;;;
;100;303555;Kiekert de Mexico S. A. de C. V.;Autopista Puebla-Orizaba KM 14.5;Chachapa Amozoc Puebla;72990;;Lorena.Paredes@kiekert.com;;;;;;;;0:00:00;;;;;
;100;571011;Dr. Kurt Steim GmbH & Co.;Dr.-Kurt-Steim-Str. 35;Schramberg;78713;;;;;;;;;;0:00:00;;;;;
;100;309961;Wienerberger eurostroj, s.r.o.;Placheho 388/28;Ceske Budejovice;370 46;4,2039E+11;;;;;;;;;0:00:00;;4,2039E+11;;;
;100;304015;GBM-Kunststofftechnik & Formenbau;Moosstrasse 14;Mattighofen;5230;;;;;;;;;;0:00:00;;;;;
;100;571012;Feinmechanische Erzeugnisse GmbH;Dr.-Kurt-Steim-Str. 35;Schramberg;78713;;;;;;;;;;0:00:00;;;;;
;100;571013;Immobilien- u. Verwaltungs-GmbH;Dr.-Kurt-Steim-Str. 35;Schramberg;78713;;;;;;;;;;0:00:00;;;;;
;100;304112;SIMON + STURM GmbH & Co.;Lagerlechfelder Strasse 46;Untermeitingen;86836;;;;;;;;;;0:00:00;;;;;
;100;304148;Edwin Deutgen;Kumpenkampsheide 1;Hermannsburg;29320;;;;;;;;;;0:00:00;;;;;
;100;571024;Saxonia Textil Limbach-Oberfrohna;Lessingstr. 19;Limbach-Oberfrohna;9212;3722730813;;;;;;;;;0:00:00;;;;;
;100;304082;Miele & Cie. KG;0;Gütersloh;33325;5,2419E+11;;;;;;;;;0:00:00;;05241/89-1881;;;
;100;305213;TRW Automotive Systems, Ltd.;1 Cook Way;Peterlee;SR8 2HY;;julie.davies@trw.com;;;;;;;;0:00:00;;191/518-6917;;;
;100;571025;Bayerische Nadelleistenfabrik;Walpersdorfer Straße 51;Schwabach;91126;;hieronymus@paul-leistner.de;;;;;;;;0:00:00;;;;;
;100;571033;Gebr. Schmidt;Cronenfelderstr. 2a - 4;Wuppertal;42349;;kerstin.pawlenka@gsfedern.de;;;;;;;;0:00:00;;;;;
;100;571044;Thüringer Präzisionsfedern GmbH;Marienstraße 34-42;Ruhla;99842;3692980984;Bartko@thueringer-federn.de;;;;;;;;0:00:00;;;;;
;100;571055;Schweizer GmbH & Co. KG;Keltenstraße 16;Reutlingen-Mittelstadt;72766;;;;;;;;;;0:00:00;;07127 95 792-140;;;
;100;304238;Autoliv Romania S.R.L.;Bucegi Street 8;Brasov;500053;;calin.barbu@autoliv.com;;;;;;;;0:00:00;;40722549535;;;
;100;304254;KOVOSVIT MAS, a. s.;nam. Tomase Bati 419;Sezimovo Usti;391 02;;;;;;;;;;0:00:00;;;;;
;100;8434;Am-Safe Aviation (UK) Ltd;Units V1 & V2, Vector Park;Feltham, Middlesex;TW13 7EJ;2085722096;hgillard@am-safe.co.uk;;;;;;;;0:00:00;;208572-0321;;;
;100;8440;Autoliv Cankor Otomotiv Emniy.;BölgesiIhsan Dede Cad. 800. Sok 801;Gebze-Kocaeli;41400;;Nur.Begum.Celikkan@Autoliv.com;;;;;;;;0:00:00;;;;;
;100;8448;TRW Carr s. r. o.;Repov;Mladá Boleslav;293 01;;petra.mala@trw.com;;;;;;;;0:00:00;;;;;
;100;6829;Autoliv Argentina S.A.;Parque Industrial Pilar;Pilar (Buenos Aires);1629;2322537401;Sebastian.Marquart@Autoliv.com;;;;;;;;0:00:00;;2322/5374-00;;;
;100;8473;Senur Elek.Motorl.Sa.Ve Tic.As;Seyit Piyade Er Yavuz Bahar Sok. 7;Avcilar- Istanbul;34840;2124220929;osman@senur.com.tr;;;;;;;;0:00:00;;212422133-0;;;
;100;8943;T.F.M. Technik Fertigung;Unterdorf 73;Thalgau;5303;;;;;;;;;;0:00:00;;;;;
;100;8198;SIPO;0;Ohrid / S.Belcista;6000;;dslavkoski.sipo@gmail.com;;;;;;;;0:00:00;;;;;
;100;5722;Saxonia Textile Parts GmbH;Holzheimer Straße 4;Göppingen;73037;;jochen.bohnacker@kern-liebers.de;;;;;;;;0:00:00;;;;;
;100;5723;Saxonia Umformtechnik GmbH;Holzheimer Straße 4;Göppingen;73037;;jochen.bohnacker@kern-liebers.de;;;;;;;;0:00:00;;;;;
;100;1706;FSG Fernsteuergeraete;Mühlenweg 2-3;Kablow;15758;3375269277;;;;;;;;;0:00:00;;03375/269-0;;;
;100;1733;Wolf-Garten GmbH & Co.KG;Industriestrasse 83-85;Betzdorf/Sieg;57518;;;;;;;;;;0:00:00;;;;;
;100;2183;Autoliv GmbH (EXP);Otto-Hahn-Strasse 4;Elmshorn;25337;;;;;;;;;;0:00:00;;;;;
;100;2187;Atlanta Elektrosysteme GmbH;Am Schertzer 18;Steinbach-Hallenberg;98587;;;;;;;;;;0:00:00;;;;;
;100;2205;Hench-Thermoplast;Hauptstr. 1 c;Schwarzhausen;99891;;;;;;;;;;0:00:00;;036259-571-110;;;
;100;5897;EAK;ZAC des Combottes;Valentigney;25700;381362000;regine.caruso@faurecia.com;;;;;;;;0:00:00;;03813620-20;;;
;100;6141;UNGUELTIG;Corringham Road Ind. Est.;Gainsborough;DN21 1QB;;dawn.waters@kern-liebers.co.uk;;;;;;;;0:00:00;X;;;;
;100;6256;Autoliv France SNC;Z.I. Avenue de l'Europe;Gournay-en-Bray;76220;;Pascal.Limare@Autoliv.com;;;;;;;;0:00:00;;;;;
;100;525;TRW Automotive GmbH;Industriestrasse 20;Alfdorf;73553;;Alfdorf-AP-ESSC@trw.com;;;;;;;;0:00:00;;;;;
;100;2275;ASM Automation Sensorik;Am Bleichbach 18-22;Moosinning B. Erding;85452;8123986500;;;;;;;;;0:00:00;;08123986-153;;;
;100;2396;Van Riesen GmbH & Co. KG;Industriestr. 10;Enger;32130;;t.mertens@van-riesen.de;;;;;;;;0:00:00;;;;;
;100;2423;Holzschuh GmbH & Co.KG;Im Köbler 1;Knittlingen;75438;7043106176;edeltraud.deimel@holzschuh.de;;;;;;;;0:00:00;;7043106-156;;;
;100;1091;Daimler AG;Mercedesstr. 1;Hamburg (Harburg);21079;4079202966;kathrin.wolkenhauer@daimlerchrysler.com;;;;;;;;0:00:00;;0407920-2464;;;
;100;1133;ungültig J.N.Eberle Federnfabrik Gm;Hochfeldstr 6 - 8;Schwabmünchen;86830;;;;;;;;;;0:00:00;X;;;;
;100;2489;Continental Automotive GmbH;In der Lache 8;Bebra;36179;6,19688E+11;valentina.fehler@siemens.com;;;;;;;;0:00:00;;06196-87-2527;;;
;100;306235;CRH Romania SRL;Strada Hammerstein 1;Jimbolia / Timisoara;305400;;AP-Helpdesk.AG-EUR-RO@jci.com;;;;;;;;0:00:00;;;;;
;100;306227;Janisset SAS;ZI de la Chaud;Monistrol sur Loire;43120;;;;;;;;;;0:00:00;;;;;
;100;306615;Sberne suroviny a.s.;Prazska 493;Ceske Budejovice;370 21;;;;;;;;;;0:00:00;;;;;
;100;51026;GARDENA;Hans-Lorenser-Straße 40;Ulm;89079;7314901729;angela.mast@gardena.com;;;;;;;;0:00:00;;0731490-729;;;
;100;307044;Otmar Ales - ALOS kovo;Cehnice 63;Cehnice;387 52;4,2039E+11;zdenka.sevcikova@kern-liebers.cz;;;;;;;;0:00:00;;4,2039E+11;;;
;100;306815;Kuehne & Nagel, spol. s r.o.;Pekarska 7;Praha 5;155 00;;;;;;;;;;0:00:00;;;;;
;100;306570;EuroEx D GmbH;Karl-Schurz-Str. 11-15;Paderborn;33100;;;;;;;;;;0:00:00;;;;;
;100;306223;Denk tech GmbH;Buchhorn 33a;Frasnacht;9320;714402411;;;;;;;;;0:00:00;;;;;
;100;305872;SEBO Stein & Co. GmbH;Wülfrather Straße 47-49;Velbert;42553;;;;;;;;;;0:00:00;;;;;
;100;307064;Datwyler Rubber & Plastics, Inc.;1790 Technology Place;Marion, SC 29571;0;;;;;;;;;;0:00:00;;;;;
;100;306818;CEVA Logistics spol. s r.o.;Horelicka 335;Lodenice;267 12;;;;;;;;;;0:00:00;;;;;
;100;304337;BOS Automotive Products Asia, Ltd.;0;Kangnam-Gu, Seoul;135921;;;;;;;;;;0:00:00;;;;;
;100;50757;FSG Fernsteuergeräte;Mühlenweg 2-3;Königs Wusterhausen OT Kablow;15712;;;;;;;;;;0:00:00;;;;;
;100;307080;Robert Bosch Power Tool Kft.;Robert Bosch Park 1;Miskolc;3526;;aniko.olah@hu.bosch.com;;;;;;;;0:00:00;;;;;
;100;305263;Matrium GmbH;Wörthstr. 85;Ulm;89077;7313926104;;;;;;;;;0:00:00;;;;;
;100;300489;Continental Automotive GmbH;0;Eschborn;65735;;;;;;;;;;0:00:00;;;;;
;100;306733;N. A. Biorn Lian LTD. AS;Industriveien 17;Skedsmokorset;2021;;;;;;;;;;0:00:00;;;;;
;100;306496;Benthin GmbH;Osterstader Str. 16;Bremerhaven;27572;;;;;;;;;;0:00:00;;;;;
;100;307882;G. Mertgens + Co. GmbH;Darmcher Grund 19;Meinerzhagen;58540;;;;;;;;;;0:00:00;;;;;
;100;8699;TRW Polska Sp.zo.o.;Ul. Rolnicza 33;Czestochowa;42200;343693157;malgorzata.pikor@trw.com;;;;;;;;0:00:00;;343/693-652;;;
;100;307929;LAKUM-GALMA a.s.;Ostravska 384;Frydlant n. Ostravici;739 11;;;;;;;;;;0:00:00;;;;;
;100;304338;Skoda Auto a.s.;Václava Klementa 869;Mladá Boleslav;293 60;;;;;;;;;;0:00:00;;;;;
;100;305324;Via Guide GmbH;Rönkhauser Str. 9;Arnsberg-Müschede;59757;;;;;;;;;;0:00:00;;;;;
;100;306032;ERNA-MAS MAKINA TIC.VE SAN.A.S.;Prof. Mehmet Bozkurt Cad. No. 1;Arnavutkoy-Istanbul;34555;;;;;;;;;;0:00:00;;;;;
;100;2425;Fischer Automotive Systems;Industriestr. 103;Horb;72160;7443128761;Verena.Berg@fischer.de;;;;;;;;0:00:00;;07443-12-4626;;;
;100;305649;Athos Elektrosysteme GmbH;Im Köbler 2;Knittlingen;75438;7043106176;renate.rauch@athos-de.de;;;;;;;;0:00:00;;7043106-131;;;
;100;306806;Kovosrot Praha a.s.;Ke Kablu 289;Praha 10;100 37;;;;;;;;;;0:00:00;;;;;
;100;306836;Ningbo Shuaitelong Auto Parts Co.;Dongqiao Town, Yinzhou District;Ningbo;315157;;;;;;;;;;0:00:00;;;;;
;100;8449;Hirtenberger Automotive;Leobersdorfer Strasse 31-33;Hirtenberg;2552;4,2039E+11;;;;;;;;;0:00:00;;4,2039E+11;;;
;100;1769;Robert Bosch GmbH;Postfach 10 56;Homburg;66401;;;;;;;;;;0:00:00;;;;;
;100;306837;ATHOS Elektrosistemi d.o.o.;Krska Cesta 8;Kostanjevica na Krki;8311;;samira.bacelic@resistec.si;;;;;;;;0:00:00;;;;;
;100;306857;CEVA Freight Czech Republic s.r.o.;K Letisti 1049/57;Praha 6;161 00;;;;;;;;;;0:00:00;;;;;
;100;306219;BOS Automotive Products, Inc.;3949 West Hamlin Road;Rochester Hills MI;48309;;;;;;;;;;0:00:00;;;;;
;100;308270;Ing. Karel Cisar;Sobìnov 2;Kaplice;382 41;;;;;;;;;;0:00:00;;;;;
;100;308286;MTD Products AG;Industriestraße 23;Saarbrücken-Bübingen;66129;;;;;;;;;;0:00:00;;;;;
;100;308285;MTD Products AG;Industriestraße 83-85;Betzdorf;57518;;;;;;;;;;0:00:00;;;;;
;100;8662;Commerce Trgovina d.o.o.;Mencingerjeva 7;Ljubljana;1000;;;;;;;;;;0:00:00;;;;;
;100;301086;Micro-Epsilon;Na Libusi 891;Bechyné;391 65;;info@micro-epsilon.cz;;;;;;;;0:00:00;;;;;
;100;8934;BOS Automotive Products;Szabadsag Utca 33;Mosonszolnok;9245;96575202;ECzencz@bos.de;;;;;;;;0:00:00;;96575-221;;;
;100;307866;Amtek PE;Za Pazdernou 1531;Písek;397 01;;;;;;;;;;0:00:00;;;;;
;100;308423;BWI Poland Technologies sp. z o.o.;ul. Podgorki Tynieckie 2;Krakow;30-399;;Roman.Gornicki@bwigroup.com;;;;;;;;0:00:00;;;;;
;100;308424;BWI Poland Technologies sp. z o.o.;ul. gen. L. Okulickiego 7;Krosno;38-400;134371106;grzegorz.hawaj@bwigroup.com;;;;;;;;0:00:00;;;;;
;100;1294;Glen Dimplex EIO GmbH;Otto-Bergner-Str. 28;Sonneberg;96515;3675879305;ingrid.rempel@glendimplex.de;;;;;;;;0:00:00;;3675879-311;;;
;100;1343;Robert Bosch GmbH;Leobener Strasse Tor 7;Stuttgart;70469;71181123828;Ljilijana.Jelenak@de.bosch.com;;;;;;;;0:00:00;;0711-811-31696;;;
;100;1353;Autoliv B.V. & Co. KG;Theodor-Heuss-Strasse 2;Dachau;85221;;;;;;;;;;0:00:00;;;;;
;100;1201;Gardena;Hans-Lorenser Str. 40;Ulm;89079;7314901729;angela.mast@gardena.com;;;;;;;;0:00:00;;0731490-729;;;
;100;1214;IMS Gear GmbH Automotive;Heinrich - Hertz - Str. 16;Donaueschingen;78166;7718507238;Knut.Heidelbach@imsgear.com;;;;;;;;0:00:00;;;;;
;100;1232;Autoliv B.V. & Co. KG (ANG);Otto-Hahn-Strasse 4;Elmshorn;25337;4121797252;miryam.ratzke@autoliv.com;;;;;;;;0:00:00;;04121797-5106;;;
;100;1994;Nedo GmbH & Co. KG;Hochgerichtstrasse 39 - 43;Dornstetten;72280;;;;;;;;;;0:00:00;;;;;
;100;1361;Athos Elektrosysteme GmbH;Westerfelder Weg 25;Lüdenscheid;58515;2351948825;rainer.schmale@atlanta-elektro.de;;;;;;;;0:00:00;;23519488-14;;;
;100;1375;CRH;Merscheider Straße 167;Solingen;42699;2123393444;;;;;;;;;0:00:00;;;;;
;100;2060;Autoliv Sicherheitstechnik GmbH;Eichbergstrasse 10-13;Döbeln;4720;;;;;;;;;;0:00:00;;;;;
;100;2061;AUTOLIV IPARI ES KERESKEDELMI KFT.;Ujmajor 0216/3;Sopronkövesd, GYÖR-MOSON-SOPRON;9483;;;;;;;;;;0:00:00;;;;;
;100;5367;Sofragraf S.A.S;29 Rue de la Gare;Vagney Cedex;88125;;;;;;;;;;0:00:00;;;;;
;100;5700;KERN-LIEBERS CR spol. s r. o.;Okruzní 607;Ceske Budejovice;370 01;389608027;tomas.partl@kern-liebers.cz;;;;;;;;0:00:00;;389608-079;;;
;100;308419;Schnieder Kunststoffteile;Zeppelinstraße 3;Herford;32051;;kenter@schnieder-hf.com;;;;;;;;0:00:00;;;;;
;100;573081;Kern-Liebers India Pvt. Ltd.;143-151, Antharasanahalli Industria;Tumkur, KARNATAKA;572106;;santhamoorthy@kern-liebers.com;;;;;;;;0:00:00;;;;;
;100;573083;Stumpp Schuele & Somappa Springs Pv;139/2 Hosur Road, Koramangala;Bangalore-560095;560095;;felix.reichardt@kern-liebers.de;;;;;;;;0:00:00;;;;;
;100;573089;Kern-Liebers Somappa Precision;143-151, Antharasanahalli;Tumkur / Karanataka;572106;;felix.reichardt@kern-liebers.de;;;;;;;;0:00:00;;;;;
;100;310110;TRW Automotive Safety Systems GmbH;Ziegelfeldstr. 38;Mögglingen;73563;;;;;;;;;;0:00:00;;;;;
;100;307742;Würth Industrie Service GmbH & Co.;Drillberg-Geb.NO6 2390;Bad Mergentheim;97980;;;;;;;;;;0:00:00;;;;;
;100;8242;Robert Bosch spol. s.r.o;Roberta Bosche 2678;Ceske Budejovice;370 04;;Petra.Hadacova@cz.bosch.com;;;;;;;;0:00:00;;380404-160;;;
;100;308995;MINESA s.r.o.;Predcicka 613;Tyn nad Vltavou;375 01;;;;;;;;;;0:00:00;;;;;
;100;307818;MSSL ADVANCED POLYMERS S.R.O.;DASICKÁ 287;DOLNI REDICE;533 75;;;;;;;;;;0:00:00;;;;;
;100;308523;PRYM CONSUMER CZ, s.r.o.;Tyrsova 734;Zliv;373 44;;;;;;;;;;0:00:00;;;;;
;100;311101;ZARON - Holecek M.Ing.;Mlynska 2;Ceske Budejovice;370 01;4,2039E+11;;;;;;;;;0:00:00;;4,2039E+11;;;
;100;311109;CEM SpA;VIA CA’ ROSSA 1;QUISTELLO (MANTOVA);46026;4,2039E+11;;;;;;;;;0:00:00;;4,2039E+11;;;
;100;309009;Magneti Marelli COFAP USA;181 BENNETT DRIVE;PULASKI;38478;;;;;;;;;;0:00:00;;;;;
;100;308166;Sur-Tech;Hauptstr. 1 c;Schwarzhausen;99891;;;;;;;;;;0:00:00;;;;;
;100;1737;Dru Meta-Metall GmbH &  Co.KG;Siemensstrasse 7;Velbert;42551;;;;;;;;;;0:00:00;;;;;
;100;2388;Robert Bosch GmbH;Dieselstrasse 10;Nürnberg;90441;;karin.zikeli@de.bosch.com;;;;;;;;0:00:00;;;;;
;100;311670;TSR Czech Republic s.r.o.;Jatecni trida 49;Plzen;312 00;4,2039E+11;;;;;;;;;0:00:00;;4,2039E+11;;;
;100;302583;Egon Grosshaus GmbH & Co. KG;BONZELERHAMMER;LENNESTADT;57368;;;;;;;;;;0:00:00;;;;;
;100;311691;Toluca Plant - US;11302 B Easpoint Drive;Laredo TX;78045;;external.Juan.Espino@mx.bosch.com;;;;;;;;0:00:00;;;;;
;100;312175;Assembly Mechanic Cable, S.L.U.;Ctra. Del Vendrell a Sant Jaume;Santa Oliva (Tarragona);43710;;;;;;;;;;0:00:00;;;;;
;100;312574;Vohl & Rath;Pforzheimer Str. 8;Unterreichenbach;75399;;;;;;;;;;0:00:00;;;;;
;100;312056;Toyota Tsusho Europe S.A.;Plzenska 3185/5b;Praha 5;150 00;4,2039E+11;;;;;;;;;0:00:00;;4,2039E+11;;;
;100;8954;Hornling Industrial Inc.;167 Gong Ming Road;Tainan;70968;;;;;;;;;;0:00:00;;;;;
;100;8521;RS FILTRI;15-ti Korpus Street, No. 89;Ohrid;6000;;;;;;;;;;0:00:00;;;;;
;100;8958;GWS Produktion Handel Service GmbH;Warwitzstrasse 9-11;Salzburg;5023;66280910635;n.pichler@gw-salzburg.com;;;;;;;;0:00:00;;662/80910-642;;;
;100;7127;Noventa AG;Sonnenstr. 1;Diepoldsau;9444;717379505;sabine.fischer@noventa.com;;;;;;;;0:00:00;;071/73795-18;;;
;100;7328;UNGUELTIG;Via Luigi Raspini, 22;Settimo Torinese;10036;;cornelia.prenner@tiscalinet.it;;;;;;;;0:00:00;X;;;;
;100;7382;Autoliv Ltd.;Penner Road;Havant;P09 1QH;;;;;;;;;;0:00:00;;;;;
;100;7429;Britax Child-Care Products Pty. Ltd;99 Derby Road;Sunshine Victoria;3020;93115798;lwebb@britax.com.au;;;;;;;;0:00:00;;9288-7212;;;
;100;8601;Continental Automotive;Hradecka 1092;Jicin;506 01;493589242;sona.sulcova@continental-corporation.com;;;;;;;;0:00:00;;;;;
;100;7253;Ark-Pres A.S.;Kullar Yolu, Vezircifligi Mevkii 14;Ordulular Mah., Kullar - Izmit;41270;;fkorkmaz@arkpres.com;;;;;;;;0:00:00;;;;;
;100;7286;UNGUELTIG;Centro Industrial Santiga;Barberà del Vallès (Barcelona);8210;;rosario.carbonell@kern-liebers.es;;;;;;;;0:00:00;X;;;;
;100;7587;TRW Occupant Restraint;Mattseer Landesstr. 8;Bergheim;5101;66248888299;fritz.schaumburger@trw.com;;;;;;;;0:00:00;;66248-888211;;;
;100;7650;TRW Systems Ltd.;1 Cook Way;Peterlee;SR8 2HY;;julie.davies@trw.com;;;;;;;;0:00:00;;191/518-6917;;;
;100;7755;Samsonite Europe N.V.;Westerring 17;Oudenaarde;9700;;;;;;;;;;0:00:00;;;;;
;100;7789;Kolektor LIV d.o.o.;Industrijska Cesta 2;Postojna;6230;657283701;mojca.sajina@kolektor.si;;;;;;;;0:00:00;;572837-00;;;
;100;306175;JANOVIAK s. r. o.;Cechova 806/1c;Lisov;373 72;;;;;;;;;;0:00:00;;;;;
;100;306093;Un Wha Polska Sp. z o.o.;Ul. Jana Pawla II Str. 14;Pultusk;06-100;;;;;;;;;;0:00:00;;;;;
;100;108063;BWI Automotive Technologies Pvt Ltd;Plot No. 30, Industrial Estate;Haryana;123401;1202341383;Karunesh.Mishra@bwigroup.com;;;;;;;;0:00:00;;;;;
;100;108056;DELPHI CHASSIS SYSTEMS;1042 P.O.BOX;DAYTON;45401;374557187;;;;;;;;;0:00:00;;;;;
;100;108070;FRIC ROT SAIC;URUGUAY ST., 2627;ROSARIO;2000;;mcastillo@tenneco.com;;;;;;;;0:00:00;;;;;
;100;305770;ATHOS ELEKTRO TEKNIK SAN. VE TIC.;Organize San. Böl. Çevre San. Si 11;IkItelli Istanbul;0;;;;;;;;;;0:00:00;;;;;
;100;571061;Franz Josef King KG;Berneckstr. 153;Schramberg;78713;;;;;;;;;;0:00:00;;;;;
;100;572061;King International s.r.o.;Plzeòská 1417;Stribo;349 01;;;;;;;;;;0:00:00;;;;;
;100;572062;King Italiana;Holzlaende 87;St. Martin in Passeier;39010;;;;;;;;;;0:00:00;;;;;
;100;571034;Saxonia Textil Limbach-O.,;Lessingstraße 19;Limbach-Oberfrohna;9212;;;;;;;;;;0:00:00;;;;;
;100;304133;VKF Renzel GmbH;Im Geer 15;Isselburg;46419;2874910101;;;;;;;;;0:00:00;;;;;
;100;300603;K.P.T.C Export & Import;Winterhuder Weg 8;Hamburg;22085;;;;;;;;;;0:00:00;;;;;
;100;104057;DB Fahrzeuginstandhaltung GmbH;Joachimstrasse 8;Hannover;30159;;Heinrich.Mueller@bahn.de;;;;;;;;0:00:00;;;;;
;100;304096;GES-CO;UL. GRAZYNSKIEGO No. 141;Bielsko - Biala;43300;;;;;;;;;;0:00:00;;;;;
;100;306942;STEINBAUER LECHNER, s.r.o.;Sosni 824/25;Stepanovice;373 73;;prokesova@steinbauer-lechner.cz;;;;;;;;0:00:00;;387011-326;;;
;100;303340;Robert Bosch;Robert Bosch Park 3;Miskolc;3526;46518399;Krisztina.Nagyne@hu.bosch.com;;;;;;;;0:00:00;;4651-8308;;;
;100;1354;Volkswagen AG;0;Wolfsburg;38436;;;;;;;;;;0:00:00;;;;;
;100;307173;KOVOSROT GROUP CZ a.s.;Ke Kablu 289;Praha 10, Dolní Mìcholupy;100 37;;;;;;;;;;0:00:00;;;;;
;100;573088;Kern-Liebers Springs & Stampings;143-151, Antharasanahalli;Tumkur / Karnataka;572106;;Ravikumar Shamanna/KL-IN/KL-Group@KERN-LIEBERS;;;;;;;;0:00:00;;;;;
;100;307254;BOS Automotive Irapuato S.A.;Calle San Lorenzo No. 627;Irapuato, GTO;36810;;oesquivel@bos.de;;;;;;;;0:00:00;;;;;
;100;8090;Vorwerk Semco S.A.;20 Route De Montigny;Cloyes-Sur-Loir;28220;;;;;;;;;;0:00:00;;;;;
;100;302991;HAMMERLING GROUP LOGISTIC KFT.;EGER UTCA HRSZ. 5782/15;MOSONMAGYAROVAR;9200;;;;;;;;;;0:00:00;;;;;
;100;306066;Nieuwkoop BV;Aalsmeerderweg 249s;Aalsmeer;1432 CM;;;;;;;;;;0:00:00;;;;;
;100;7775;Stenhoj A/S;0;Barrit;7150;;;;;;;;;;0:00:00;;;;;
;100;307027;BalTec Maschinenbau AG;Obermattstrasse 65;Pfäffikon;8330;;;;;;;;;;0:00:00;;;;;
;100;306641;M & M Militzer & Münch CS spol. s.r;Modletice 98;Modletice;251 01;;;;;;;;;;0:00:00;;;;;
;100;312878;BWI North America Inc.;12425 Rojas Drive Building 1;El Paso;79928;;Antwan.Kelly@bwigroup.com;;;;;;;;0:00:00;;;;;
;100;312883;Senior Flexonics Czech s.r.o.;Prumyslova 733/9;Olomouc;779 00;;;;;;;;;;0:00:00;;;;;
;100;25802001;Not realised exchange Rate diff. -;0;Ceske Budejovice;0;;;;;;;;;;0:00:00;;;;;
;100;312606;Endurance Technologies Pvt Ltd;E-92/93 MIDC Industrial area, P O B;Waluj, Aurangabad, Maharashtra;431136;;;;;;;;;;0:00:00;;;;;
;100;50642;Robert Bosch GmbH;0;Magdeburg;0;;tamas.hegedus@de.bosch.com;;;;;;;;0:00:00;;;;;
